{
  "total_comparisons": 865.0,
  "mean_similarity": 0.966200469270607,
  "std_similarity": 0.03861397729704494,
  "min_similarity": 0.7131437659263611,
  "max_similarity": 0.9999870657920837,
  "operators_analyzed": 7.0,
  "generations_analyzed": 7.0
}