{
  "total_genomes": 592,
  "successful_genomes": 0,
  "average_score": 0.06574341216216216,
  "execution_time_seconds": 11039.367318868637,
  "generations_completed": 10
}