{
  "total_genomes": 482,
  "successful_genomes": 0,
  "average_score": 0.003407676348547718,
  "execution_time_seconds": 12922.709195137024,
  "generations_completed": 10
}